--
-- PostgreSQL database dump
--

\restrict s0Z3kfJzL7L4HVOn5Bd8yYOs9Mdz3oY8ehuVXNbG4fdJdtdi1wEcSfNx4QIuU10

-- Dumped from database version 15.14 (Debian 15.14-1.pgdg13+1)
-- Dumped by pg_dump version 17.6

-- Started on 2025-10-02 23:44:51

SET statement_timeout = 0;
SET lock_timeout = 0;
SET idle_in_transaction_session_timeout = 0;
SET transaction_timeout = 0;
SET client_encoding = 'UTF8';
SET standard_conforming_strings = on;
SELECT pg_catalog.set_config('search_path', '', false);
SET check_function_bodies = false;
SET xmloption = content;
SET client_min_messages = warning;
SET row_security = off;

DROP DATABASE IF EXISTS sistemajass;
--
-- TOC entry 3520 (class 1262 OID 16384)
-- Name: sistemajass; Type: DATABASE; Schema: -; Owner: postgres
--

CREATE DATABASE sistemajass WITH TEMPLATE = template0 ENCODING = 'UTF8' LOCALE_PROVIDER = libc LOCALE = 'en_US.utf8';


ALTER DATABASE sistemajass OWNER TO postgres;

\unrestrict s0Z3kfJzL7L4HVOn5Bd8yYOs9Mdz3oY8ehuVXNbG4fdJdtdi1wEcSfNx4QIuU10
\connect sistemajass
\restrict s0Z3kfJzL7L4HVOn5Bd8yYOs9Mdz3oY8ehuVXNbG4fdJdtdi1wEcSfNx4QIuU10

SET statement_timeout = 0;
SET lock_timeout = 0;
SET idle_in_transaction_session_timeout = 0;
SET transaction_timeout = 0;
SET client_encoding = 'UTF8';
SET standard_conforming_strings = on;
SELECT pg_catalog.set_config('search_path', '', false);
SET check_function_bodies = false;
SET xmloption = content;
SET client_min_messages = warning;
SET row_security = off;

--
-- TOC entry 3514 (class 0 OID 16504)
-- Dependencies: 220
-- Data for Name: inventory_movements; Type: TABLE DATA; Schema: public; Owner: postgres
--

INSERT INTO public.inventory_movements (movement_id, organization_id, product_id, movement_type, movement_reason, quantity, unit_cost, reference_document, reference_id, previous_stock, new_stock, movement_date, user_id, observations, created_at) VALUES ('3b88cd0e-6328-4799-9080-6ecb6b3e8b38', '6896b2ecf3e398570ffd99d3', 'a6d676e3-8998-4a74-b0ef-480e99c5ef4d', 'ENTRADA', 'COMPRA', 1, 950.00, 'PUR003', 'd2a0b64c-fbfa-4b72-8946-acde8cfc5b10', 3, 4, '2025-09-12 03:31:12.84879+00', '68c0a4ab07fa2d47448b530a', 'Entrada por compra completada: PUR003', '2025-09-12 03:31:12.84879+00') ON CONFLICT DO NOTHING;
INSERT INTO public.inventory_movements (movement_id, organization_id, product_id, movement_type, movement_reason, quantity, unit_cost, reference_document, reference_id, previous_stock, new_stock, movement_date, user_id, observations, created_at) VALUES ('f0b2a713-7ef4-4038-b6c2-bb92e50090c0', '6896b2ecf3e398570ffd99d3', '8c406f1e-3b58-40da-a478-0c381ae4cd80', 'ENTRADA', 'COMPRA', 30, 92.50, 'PUR001', 'a11d5b8b-7308-4720-ac96-ea2184a5af19', 45, 75, '2025-09-12 03:57:04.206374+00', '68c0a4ab07fa2d47448b530a', 'Entrada por compra completada: PUR001', '2025-09-12 03:57:04.206374+00') ON CONFLICT DO NOTHING;
INSERT INTO public.inventory_movements (movement_id, organization_id, product_id, movement_type, movement_reason, quantity, unit_cost, reference_document, reference_id, previous_stock, new_stock, movement_date, user_id, observations, created_at) VALUES ('3e5ab244-0b24-418d-98ed-9347818ac207', '6896b2ecf3e398570ffd99d3', 'e0169573-af55-4701-8597-1605160bf96a', 'ENTRADA', 'COMPRA', 50, 45.00, 'PUR001', 'a11d5b8b-7308-4720-ac96-ea2184a5af19', 25, 75, '2025-09-12 03:57:04.326519+00', '68c0a4ab07fa2d47448b530a', 'Entrada por compra completada: PUR001', '2025-09-12 03:57:04.326519+00') ON CONFLICT DO NOTHING;
INSERT INTO public.inventory_movements (movement_id, organization_id, product_id, movement_type, movement_reason, quantity, unit_cost, reference_document, reference_id, previous_stock, new_stock, movement_date, user_id, observations, created_at) VALUES ('6b387684-569a-4992-8c00-f91803ec972e', '6896b2ecf3e398570ffd99d3', 'e0169573-af55-4701-8597-1605160bf96a', 'ENTRADA', 'COMPRA', 4, 45.00, 'PUR006', '3e8b99f9-dd8f-4b0e-a636-5a1f0827073f', 75, 79, '2025-09-12 04:48:55.23482+00', '68c0a4ab07fa2d47448b530a', 'Entrada por compra completada: PUR006', '2025-09-12 04:48:55.23482+00') ON CONFLICT DO NOTHING;
INSERT INTO public.inventory_movements (movement_id, organization_id, product_id, movement_type, movement_reason, quantity, unit_cost, reference_document, reference_id, previous_stock, new_stock, movement_date, user_id, observations, created_at) VALUES ('39a37ab3-1d0c-455e-b60b-32c0e2a9327a', '6896b2ecf3e398570ffd99d3', 'f4d43382-f649-4a64-9c37-794db3ca6020', 'ENTRADA', 'COMPRA', 2, 42.00, 'PUR006', '3e8b99f9-dd8f-4b0e-a636-5a1f0827073f', 6, 8, '2025-09-12 04:48:55.353314+00', '68c0a4ab07fa2d47448b530a', 'Entrada por compra completada: PUR006', '2025-09-12 04:48:55.353314+00') ON CONFLICT DO NOTHING;
INSERT INTO public.inventory_movements (movement_id, organization_id, product_id, movement_type, movement_reason, quantity, unit_cost, reference_document, reference_id, previous_stock, new_stock, movement_date, user_id, observations, created_at) VALUES ('dccbbaff-6dae-4503-ac7b-45bd5f400455', '6896b2ecf3e398570ffd99d3', '8f172dd0-7190-4033-a766-a79317f4d883', 'ENTRADA', 'COMPRA', 280, 1.95, 'PUR005', '0921a67b-68a6-463e-b781-64be671c1559', 400, 680, '2025-09-12 05:19:47.535872+00', '68c0a4ab07fa2d47448b530a', 'Entrada por compra completada: PUR005', '2025-09-12 05:19:47.536111+00') ON CONFLICT DO NOTHING;
INSERT INTO public.inventory_movements (movement_id, organization_id, product_id, movement_type, movement_reason, quantity, unit_cost, reference_document, reference_id, previous_stock, new_stock, movement_date, user_id, observations, created_at) VALUES ('8bad208e-e117-4198-a30b-b6cfbb1ca47c', '6896b2ecf3e398570ffd99d3', '270f4f8a-cd70-4ef9-8d2d-c8aabf131f83', 'SALIDA', 'USO_INTERNO', 10, 48.75, 'Ninguno', NULL, 80, 70, '2025-09-16 05:15:23.042023+00', '68c0a4ab07fa2d47448b530a', 'Salida por consumo de producto - Reparación de tuberías (Ref: Ninguno)', '2025-09-16 05:15:23.042023+00') ON CONFLICT DO NOTHING;
INSERT INTO public.inventory_movements (movement_id, organization_id, product_id, movement_type, movement_reason, quantity, unit_cost, reference_document, reference_id, previous_stock, new_stock, movement_date, user_id, observations, created_at) VALUES ('21b02971-4bbb-44b3-aaa8-86064b71f6a4', '6896b2ecf3e398570ffd99d3', '4cd17815-bf91-4c40-a72a-0f77818e52fc', 'SALIDA', 'USO_INTERNO', 10, 18.90, 'Ninguno', NULL, 55, 45, '2025-09-16 05:17:48.263191+00', '68c0a4ab07fa2d47448b530a', 'Salida por consumo de producto (Ref: Ninguno)', '2025-09-16 05:17:48.263191+00') ON CONFLICT DO NOTHING;
INSERT INTO public.inventory_movements (movement_id, organization_id, product_id, movement_type, movement_reason, quantity, unit_cost, reference_document, reference_id, previous_stock, new_stock, movement_date, user_id, observations, created_at) VALUES ('2e5c14ee-f6eb-4c45-b7d9-8abeaaea3224', '6896b2ecf3e398570ffd99d3', 'a6d676e3-8998-4a74-b0ef-480e99c5ef4d', 'SALIDA', 'USO_INTERNO', 3, 950.00, 'Ninguno', NULL, 4, 1, '2025-09-16 05:25:19.472123+00', '68c0a4ab07fa2d47448b530a', 'Salida por consumo de producto (Ref: Ninguno)', '2025-09-16 05:25:19.473126+00') ON CONFLICT DO NOTHING;
INSERT INTO public.inventory_movements (movement_id, organization_id, product_id, movement_type, movement_reason, quantity, unit_cost, reference_document, reference_id, previous_stock, new_stock, movement_date, user_id, observations, created_at) VALUES ('29993d42-fbf1-49c5-9f99-21d9ad6b40cf', '6896b2ecf3e398570ffd99d3', 'a6d676e3-8998-4a74-b0ef-480e99c5ef4d', 'SALIDA', 'USO_INTERNO', 1, 950.00, '', NULL, 1, 0, '2025-09-16 05:29:51.791582+00', '68c0a4ab07fa2d47448b530a', 'Salida por consumo de producto', '2025-09-16 05:29:51.791582+00') ON CONFLICT DO NOTHING;
INSERT INTO public.inventory_movements (movement_id, organization_id, product_id, movement_type, movement_reason, quantity, unit_cost, reference_document, reference_id, previous_stock, new_stock, movement_date, user_id, observations, created_at) VALUES ('19959817-3f8e-4816-9a1b-e2651f220cc9', '6896b2ecf3e398570ffd99d3', 'f8d12752-1861-4178-ad5a-faad14303b22', 'SALIDA', 'USO_INTERNO', 2, 85.00, '', NULL, 3, 1, '2025-09-16 05:39:15.741937+00', '68c0a4ab07fa2d47448b530a', 'Salida por consumo de producto', '2025-09-16 05:39:15.742084+00') ON CONFLICT DO NOTHING;
INSERT INTO public.inventory_movements (movement_id, organization_id, product_id, movement_type, movement_reason, quantity, unit_cost, reference_document, reference_id, previous_stock, new_stock, movement_date, user_id, observations, created_at) VALUES ('19fb50f6-30af-4797-aa41-083b14f86740', '6896b2ecf3e398570ffd99d3', 'f8d12752-1861-4178-ad5a-faad14303b22', 'ENTRADA', 'COMPRA', 10, 85.00, 'PUR007', '1cd1bdd3-ddea-43c4-b90b-237980960e6f', 1, 11, '2025-09-16 19:47:25.344466+00', '68c0a4ab07fa2d47448b530a', 'Entrada por compra completada: PUR007', '2025-09-16 19:47:25.344761+00') ON CONFLICT DO NOTHING;
INSERT INTO public.inventory_movements (movement_id, organization_id, product_id, movement_type, movement_reason, quantity, unit_cost, reference_document, reference_id, previous_stock, new_stock, movement_date, user_id, observations, created_at) VALUES ('d2a74549-4ea5-487b-9c8a-c5243ac5cbc2', '6896b2ecf3e398570ffd99d3', 'a6d676e3-8998-4a74-b0ef-480e99c5ef4d', 'ENTRADA', 'COMPRA', 2, 950.00, 'PUR007', '1cd1bdd3-ddea-43c4-b90b-237980960e6f', 0, 2, '2025-09-16 19:47:25.437459+00', '68c0a4ab07fa2d47448b530a', 'Entrada por compra completada: PUR007', '2025-09-16 19:47:25.437478+00') ON CONFLICT DO NOTHING;
INSERT INTO public.inventory_movements (movement_id, organization_id, product_id, movement_type, movement_reason, quantity, unit_cost, reference_document, reference_id, previous_stock, new_stock, movement_date, user_id, observations, created_at) VALUES ('a8614521-5977-43b2-b80c-b24006450444', '6896b2ecf3e398570ffd99d3', 'a6d676e3-8998-4a74-b0ef-480e99c5ef4d', 'SALIDA', 'USO_INTERNO', 2, 950.00, '', NULL, 2, 0, '2025-09-16 19:49:56.062435+00', '68c0a4ab07fa2d47448b530a', 'Salida por consumo de producto', '2025-09-16 19:49:56.062456+00') ON CONFLICT DO NOTHING;
INSERT INTO public.inventory_movements (movement_id, organization_id, product_id, movement_type, movement_reason, quantity, unit_cost, reference_document, reference_id, previous_stock, new_stock, movement_date, user_id, observations, created_at) VALUES ('d904243e-03fb-4fc5-9202-dd13be0da80b', '6896b2ecf3e398570ffd99d3', 'a6d676e3-8998-4a74-b0ef-480e99c5ef4d', 'ENTRADA', 'COMPRA', 10, 950.00, 'PUR008', '7881e15c-1fa9-47bc-85c0-f5a68cb06cb0', 0, 10, '2025-09-25 22:36:00.268618+00', '68c0a4ab07fa2d47448b530a', 'Entrada por compra completada: PUR008', '2025-09-25 22:36:00.26891+00') ON CONFLICT DO NOTHING;
INSERT INTO public.inventory_movements (movement_id, organization_id, product_id, movement_type, movement_reason, quantity, unit_cost, reference_document, reference_id, previous_stock, new_stock, movement_date, user_id, observations, created_at) VALUES ('639b2080-dbb2-44c6-9cb8-efd51bfee5a4', '6896b2ecf3e398570ffd99d3', 'e30447a3-dd1f-4977-ab09-fa6fcc8a207f', 'ENTRADA', 'COMPRA', 8, 75.00, 'PUR008', '7881e15c-1fa9-47bc-85c0-f5a68cb06cb0', 12, 20, '2025-09-25 22:36:00.275988+00', '68c0a4ab07fa2d47448b530a', 'Entrada por compra completada: PUR008', '2025-09-25 22:36:00.276006+00') ON CONFLICT DO NOTHING;
INSERT INTO public.inventory_movements (movement_id, organization_id, product_id, movement_type, movement_reason, quantity, unit_cost, reference_document, reference_id, previous_stock, new_stock, movement_date, user_id, observations, created_at) VALUES ('1d2a16b1-02f3-44d6-8d6a-d5d59bd1b0cf', '6896b2ecf3e398570ffd99d3', 'a6d676e3-8998-4a74-b0ef-480e99c5ef4d', 'SALIDA', 'USO_INTERNO', 5, 950.00, 'Ninguno', NULL, 10, 5, '2025-09-25 22:37:03.263406+00', '68c0a4ab07fa2d47448b530a', 'Salida por consumo de producto (Ref: Ninguno)', '2025-09-25 22:37:03.263591+00') ON CONFLICT DO NOTHING;
INSERT INTO public.inventory_movements (movement_id, organization_id, product_id, movement_type, movement_reason, quantity, unit_cost, reference_document, reference_id, previous_stock, new_stock, movement_date, user_id, observations, created_at) VALUES ('7cf68472-7141-4f29-bb70-5f585acafac7', '6896b2ecf3e398570ffd99d3', 'fffa6172-a942-4cc4-969a-d01a438bc4bb', 'ENTRADA', 'COMPRA', 3, 420.00, 'PUR009', '45bd8a5f-4503-4ed7-a2e3-2c7bf2aa6a14', 2, 5, '2025-09-25 22:51:15.55906+00', '68c0a4ab07fa2d47448b530a', 'Entrada por compra completada: PUR009', '2025-09-25 22:51:15.559076+00') ON CONFLICT DO NOTHING;
INSERT INTO public.inventory_movements (movement_id, organization_id, product_id, movement_type, movement_reason, quantity, unit_cost, reference_document, reference_id, previous_stock, new_stock, movement_date, user_id, observations, created_at) VALUES ('d8fcb01c-3cd8-43de-9fc8-cb78b3bb1d9a', '6896b2ecf3e398570ffd99d3', 'fffa6172-a942-4cc4-969a-d01a438bc4bb', 'SALIDA', 'USO_INTERNO', 4, 420.00, 'Ninguno', NULL, 5, 1, '2025-09-25 22:53:02.755128+00', '68c0a4ab07fa2d47448b530a', 'Salida por consumo de producto (Ref: Ninguno)', '2025-09-25 22:53:02.755156+00') ON CONFLICT DO NOTHING;


--
-- TOC entry 3509 (class 0 OID 16400)
-- Dependencies: 215
-- Data for Name: product_categories; Type: TABLE DATA; Schema: public; Owner: postgres
--

INSERT INTO public.product_categories (category_id, organization_id, category_code, category_name, description, status, created_at) VALUES ('5f283f1e-f9d4-4ea9-b399-01d159d67577', '6896b2ecf3e398570ffd99d3', 'CAT001', 'Tuberia y Conexiones PVC', 'Tuberias de PVC, codos, tees, reducciones y accesorios para redes de agua potable', 'ACTIVO', '2025-09-12 01:47:32.767808+00') ON CONFLICT DO NOTHING;
INSERT INTO public.product_categories (category_id, organization_id, category_code, category_name, description, status, created_at) VALUES ('6a0296fa-498e-4c31-a27e-d462ec65069f', '6896b2ecf3e398570ffd99d3', 'CAT002', 'Equipos de Bombeo y Presion', 'Bombas centrifugas, electrobombas, tanques hidroneumaticos y accesorios', 'ACTIVO', '2025-09-12 01:47:32.767808+00') ON CONFLICT DO NOTHING;
INSERT INTO public.product_categories (category_id, organization_id, category_code, category_name, description, status, created_at) VALUES ('b029000b-c0a7-432e-87ec-b9ff6192eb0e', '6896b2ecf3e398570ffd99d3', 'CAT003', 'Valvulas y Control de Flujo', 'Valvulas de compuerta, globo, check, reductoras de presion y accesorios', 'ACTIVO', '2025-09-12 01:47:32.767808+00') ON CONFLICT DO NOTHING;
INSERT INTO public.product_categories (category_id, organization_id, category_code, category_name, description, status, created_at) VALUES ('4da00bb1-8b98-4f8f-a80b-1162005b2844', '6896b2ecf3e398570ffd99d3', 'CAT004', 'Quimicos para Tratamiento', 'Cloro, sulfato de aluminio, cal, floculantes y desinfectantes', 'ACTIVO', '2025-09-12 01:47:32.767808+00') ON CONFLICT DO NOTHING;
INSERT INTO public.product_categories (category_id, organization_id, category_code, category_name, description, status, created_at) VALUES ('171ef46f-7817-44d7-beb1-e8a0c22acad1', '6896b2ecf3e398570ffd99d3', 'CAT005', 'Medicion y Micromedicion', 'Medidores de agua, cajas de medidor, valvulas de paso y accesorios', 'ACTIVO', '2025-09-12 01:47:32.767808+00') ON CONFLICT DO NOTHING;
INSERT INTO public.product_categories (category_id, organization_id, category_code, category_name, description, status, created_at) VALUES ('08e3cb0f-77a9-4ccb-a85a-6e50d95f7ed4', '6896b2ecf3e398570ffd99d3', 'CAT006', 'Herramientas y Equipos', 'Herramientas para excavacion, reparacion e instalacion de redes', 'ACTIVO', '2025-09-12 01:47:32.767808+00') ON CONFLICT DO NOTHING;
INSERT INTO public.product_categories (category_id, organization_id, category_code, category_name, description, status, created_at) VALUES ('bc0625b7-21a1-4527-883e-4e51ae13ff68', '6896b2ecf3e398570ffd99d3', 'CAT007', 'Materiales de Construccion', 'Cemento, arena, grava, ladrillo y materiales para obras civiles', 'ACTIVO', '2025-09-12 01:47:32.767808+00') ON CONFLICT DO NOTHING;
INSERT INTO public.product_categories (category_id, organization_id, category_code, category_name, description, status, created_at) VALUES ('5c8a4f88-1478-42b0-8afa-10af0c794b2d', '6896b2ecf3e398570ffd99d3', 'CAT008', 'Equipos de Seguridad', 'Cascos, chalecos, botas, guantes y equipos de proteccion personal', 'ACTIVO', '2025-09-12 01:47:32.767808+00') ON CONFLICT DO NOTHING;


--
-- TOC entry 3510 (class 0 OID 16415)
-- Dependencies: 216
-- Data for Name: products; Type: TABLE DATA; Schema: public; Owner: postgres
--

INSERT INTO public.products (product_id, organization_id, product_code, product_name, category_id, unit_of_measure, minimum_stock, maximum_stock, current_stock, unit_cost, status, created_at, updated_at) VALUES ('270f4f8a-cd70-4ef9-8d2d-c8aabf131f83', '6896b2ecf3e398570ffd99d3', 'PROD002', 'Tuberia PVC SAP 2" x 6m Clase 10', '5f283f1e-f9d4-4ea9-b399-01d159d67577', 'UNIDAD', 30, 300, 80, 48.75, 'ACTIVO', '2025-09-12 01:47:33.017401+00', '2025-09-12 01:47:33.017401+00') ON CONFLICT DO NOTHING;
INSERT INTO public.products (product_id, organization_id, product_code, product_name, category_id, unit_of_measure, minimum_stock, maximum_stock, current_stock, unit_cost, status, created_at, updated_at) VALUES ('c24516ab-e2f6-47d7-ab5c-db10e57d4b1d', '6896b2ecf3e398570ffd99d3', 'PROD009', 'Valvula de Compuerta 4" Bronce', 'b029000b-c0a7-432e-87ec-b9ff6192eb0e', 'UNIDAD', 10, 50, 15, 135.00, 'ACTIVO', '2025-09-12 01:47:33.017401+00', '2025-09-12 01:47:33.017401+00') ON CONFLICT DO NOTHING;
INSERT INTO public.products (product_id, organization_id, product_code, product_name, category_id, unit_of_measure, minimum_stock, maximum_stock, current_stock, unit_cost, status, created_at, updated_at) VALUES ('9c06e7bb-b9ef-4aba-b8c3-13d6661e0d26', '6896b2ecf3e398570ffd99d3', 'PROD011', 'Valvula Reductora de Presion 2"', 'b029000b-c0a7-432e-87ec-b9ff6192eb0e', 'UNIDAD', 3, 15, 5, 280.00, 'ACTIVO', '2025-09-12 01:47:33.017401+00', '2025-09-12 01:47:33.017401+00') ON CONFLICT DO NOTHING;
INSERT INTO public.products (product_id, organization_id, product_code, product_name, category_id, unit_of_measure, minimum_stock, maximum_stock, current_stock, unit_cost, status, created_at, updated_at) VALUES ('9897484d-2221-4a7d-b225-1ea811f87487', '6896b2ecf3e398570ffd99d3', 'PROD012', 'Cloro Granulado HTH 45kg', '4da00bb1-8b98-4f8f-a80b-1162005b2844', 'KG', 100, 1000, 275, 3.45, 'ACTIVO', '2025-09-12 01:47:33.017401+00', '2025-09-12 01:47:33.017401+00') ON CONFLICT DO NOTHING;
INSERT INTO public.products (product_id, organization_id, product_code, product_name, category_id, unit_of_measure, minimum_stock, maximum_stock, current_stock, unit_cost, status, created_at, updated_at) VALUES ('997b11f7-c294-49f3-a60e-9031080d6e17', '6896b2ecf3e398570ffd99d3', 'PROD017', 'Llave de Paso 1/2" Bronce', '171ef46f-7817-44d7-beb1-e8a0c22acad1', 'UNIDAD', 40, 200, 75, 19.50, 'ACTIVO', '2025-09-12 01:47:33.017401+00', '2025-09-12 01:47:33.017401+00') ON CONFLICT DO NOTHING;
INSERT INTO public.products (product_id, organization_id, product_code, product_name, category_id, unit_of_measure, minimum_stock, maximum_stock, current_stock, unit_cost, status, created_at, updated_at) VALUES ('8c406f1e-3b58-40da-a478-0c381ae4cd80', '6896b2ecf3e398570ffd99d3', 'PROD001', 'Tuberia PVC SAP 4" x 6m Clase 10', '5f283f1e-f9d4-4ea9-b399-01d159d67577', 'UNIDAD', 20, 200, 65, 92.50, 'ACTIVO', '2025-09-12 01:47:33.017401+00', '2025-09-15 07:04:20.952128+00') ON CONFLICT DO NOTHING;
INSERT INTO public.products (product_id, organization_id, product_code, product_name, category_id, unit_of_measure, minimum_stock, maximum_stock, current_stock, unit_cost, status, created_at, updated_at) VALUES ('7d147277-3b21-4879-8aa6-01757d749baf', '6896b2ecf3e398570ffd99d3', 'PROD015', 'Medidor de Agua 1/2" Clase B', '171ef46f-7817-44d7-beb1-e8a0c22acad1', 'UNIDAD', 25, 100, 30, 68.50, 'ACTIVO', '2025-09-12 01:47:33.017401+00', '2025-09-15 19:15:22.251969+00') ON CONFLICT DO NOTHING;
INSERT INTO public.products (product_id, organization_id, product_code, product_name, category_id, unit_of_measure, minimum_stock, maximum_stock, current_stock, unit_cost, status, created_at, updated_at) VALUES ('8f172dd0-7190-4033-a766-a79317f4d883', '6896b2ecf3e398570ffd99d3', 'PROD014', 'Cal Hidratada 25kg', '4da00bb1-8b98-4f8f-a80b-1162005b2844', 'KG', 40, 400, 677, 1.95, 'ACTIVO', '2025-09-12 01:47:33.017401+00', '2025-09-16 21:04:07.732001+00') ON CONFLICT DO NOTHING;
INSERT INTO public.products (product_id, organization_id, product_code, product_name, category_id, unit_of_measure, minimum_stock, maximum_stock, current_stock, unit_cost, status, created_at, updated_at) VALUES ('f4d43382-f649-4a64-9c37-794db3ca6020', '6896b2ecf3e398570ffd99d3', 'PROD019', 'Pico para Excavacion', '08e3cb0f-77a9-4ccb-a85a-6e50d95f7ed4', 'UNIDAD', 5, 15, 8, 42.00, 'ACTIVO', '2025-09-12 01:47:33.017401+00', '2025-09-12 01:47:33.017401+00') ON CONFLICT DO NOTHING;
INSERT INTO public.products (product_id, organization_id, product_code, product_name, category_id, unit_of_measure, minimum_stock, maximum_stock, current_stock, unit_cost, status, created_at, updated_at) VALUES ('91586212-dd86-407f-918f-27de19a3dc60', '6896b2ecf3e398570ffd99d3', 'PROD018', 'Pala Punta Acero Mango Madera', '08e3cb0f-77a9-4ccb-a85a-6e50d95f7ed4', 'UNIDAD', 5, 20, 8, 38.50, 'ACTIVO', '2025-09-12 01:47:33.017401+00', '2025-09-15 19:15:22.167844+00') ON CONFLICT DO NOTHING;
INSERT INTO public.products (product_id, organization_id, product_code, product_name, category_id, unit_of_measure, minimum_stock, maximum_stock, current_stock, unit_cost, status, created_at, updated_at) VALUES ('e30447a3-dd1f-4977-ab09-fa6fcc8a207f', '6896b2ecf3e398570ffd99d3', 'PROD010', 'Valvula Check 2" Bronce', 'b029000b-c0a7-432e-87ec-b9ff6192eb0e', 'UNIDAD', 8, 40, 20, 75.00, 'ACTIVO', '2025-09-12 01:47:33.017401+00', '2025-09-12 01:47:33.017401+00') ON CONFLICT DO NOTHING;
INSERT INTO public.products (product_id, organization_id, product_code, product_name, category_id, unit_of_measure, minimum_stock, maximum_stock, current_stock, unit_cost, status, created_at, updated_at) VALUES ('e0169573-af55-4701-8597-1605160bf96a', '6896b2ecf3e398570ffd99d3', 'PROD016', 'Caja de Medidor de Concreto', '171ef46f-7817-44d7-beb1-e8a0c22acad1', 'UNIDAD', 20, 80, 74, 45.00, 'ACTIVO', '2025-09-12 01:47:33.017401+00', '2025-09-15 19:53:18.708943+00') ON CONFLICT DO NOTHING;
INSERT INTO public.products (product_id, organization_id, product_code, product_name, category_id, unit_of_measure, minimum_stock, maximum_stock, current_stock, unit_cost, status, created_at, updated_at) VALUES ('51db899f-6759-450f-8c69-baffd07c7f2b', '6896b2ecf3e398570ffd99d3', 'PROD020', 'Llave Stillson 12"', '08e3cb0f-77a9-4ccb-a85a-6e50d95f7ed4', 'UNIDAD', 3, 10, 4, 125.00, 'ACTIVO', '2025-09-12 01:47:33.017401+00', '2025-09-15 06:37:54.057007+00') ON CONFLICT DO NOTHING;
INSERT INTO public.products (product_id, organization_id, product_code, product_name, category_id, unit_of_measure, minimum_stock, maximum_stock, current_stock, unit_cost, status, created_at, updated_at) VALUES ('a6d676e3-8998-4a74-b0ef-480e99c5ef4d', '6896b2ecf3e398570ffd99d3', 'PROD006', 'Electrobomba Centrifuga 2HP Monofasica', '6a0296fa-498e-4c31-a27e-d462ec65069f', 'UNIDAD', 2, 10, 5, 950.00, 'ACTIVO', '2025-09-12 01:47:33.017401+00', '2025-09-25 22:37:03.556359+00') ON CONFLICT DO NOTHING;
INSERT INTO public.products (product_id, organization_id, product_code, product_name, category_id, unit_of_measure, minimum_stock, maximum_stock, current_stock, unit_cost, status, created_at, updated_at) VALUES ('173ff94e-0580-487e-be5c-13023505f80c', '6896b2ecf3e398570ffd99d3', 'PROD003', 'Codo PVC SAP 4" x 90Â°', '5f283f1e-f9d4-4ea9-b399-01d159d67577', 'UNIDAD', 50, 500, 115, 14.25, 'ACTIVO', '2025-09-12 01:47:33.017401+00', '2025-09-15 06:51:18.453982+00') ON CONFLICT DO NOTHING;
INSERT INTO public.products (product_id, organization_id, product_code, product_name, category_id, unit_of_measure, minimum_stock, maximum_stock, current_stock, unit_cost, status, created_at, updated_at) VALUES ('4cd17815-bf91-4c40-a72a-0f77818e52fc', '6896b2ecf3e398570ffd99d3', 'PROD004', 'Tee PVC SAP 4"', '5f283f1e-f9d4-4ea9-b399-01d159d67577', 'UNIDAD', 25, 150, 55, 18.90, 'ACTIVO', '2025-09-12 01:47:33.017401+00', '2025-09-15 19:53:18.7428+00') ON CONFLICT DO NOTHING;
INSERT INTO public.products (product_id, organization_id, product_code, product_name, category_id, unit_of_measure, minimum_stock, maximum_stock, current_stock, unit_cost, status, created_at, updated_at) VALUES ('47a7682d-aa46-4b79-90ac-a31ec6fb5a97', '6896b2ecf3e398570ffd99d3', 'PROD005', 'Reduccion PVC SAP 4" a 2"', '5f283f1e-f9d4-4ea9-b399-01d159d67577', 'UNIDAD', 15, 100, 30, 22.50, 'ACTIVO', '2025-09-12 01:47:33.017401+00', '2025-09-15 21:15:17.146225+00') ON CONFLICT DO NOTHING;
INSERT INTO public.products (product_id, organization_id, product_code, product_name, category_id, unit_of_measure, minimum_stock, maximum_stock, current_stock, unit_cost, status, created_at, updated_at) VALUES ('91bb791e-7578-45b2-8372-813b0941569d', '6896b2ecf3e398570ffd99d3', 'PROD013', 'Sulfato de Aluminio 25kg', '4da00bb1-8b98-4f8f-a80b-1162005b2844', 'KG', 50, 500, 141, 2.80, 'ACTIVO', '2025-09-12 01:47:33.017401+00', '2025-09-16 04:56:44.115923+00') ON CONFLICT DO NOTHING;
INSERT INTO public.products (product_id, organization_id, product_code, product_name, category_id, unit_of_measure, minimum_stock, maximum_stock, current_stock, unit_cost, status, created_at, updated_at) VALUES ('fffa6172-a942-4cc4-969a-d01a438bc4bb', '6896b2ecf3e398570ffd99d3', 'PROD007', 'Tanque Hidroneumatico 80L', '6a0296fa-498e-4c31-a27e-d462ec65069f', 'UNIDAD', 1, 5, 1, 420.00, 'ACTIVO', '2025-09-12 01:47:33.017401+00', '2025-09-25 22:53:02.863214+00') ON CONFLICT DO NOTHING;
INSERT INTO public.products (product_id, organization_id, product_code, product_name, category_id, unit_of_measure, minimum_stock, maximum_stock, current_stock, unit_cost, status, created_at, updated_at) VALUES ('f8d12752-1861-4178-ad5a-faad14303b22', '6896b2ecf3e398570ffd99d3', 'PROD008', 'Presostato para Bomba', '6a0296fa-498e-4c31-a27e-d462ec65069f', 'UNIDAD', 5, 25, 11, 85.00, 'ACTIVO', '2025-09-12 01:47:33.017401+00', '2025-09-16 05:39:16.344102+00') ON CONFLICT DO NOTHING;


--
-- TOC entry 3513 (class 0 OID 16479)
-- Dependencies: 219
-- Data for Name: purchase_details; Type: TABLE DATA; Schema: public; Owner: postgres
--

INSERT INTO public.purchase_details (purchase_detail_id, purchase_id, product_id, quantity_ordered, quantity_received, unit_cost, subtotal, observations) VALUES ('d2b37beb-62d3-4ad8-b143-c59ad0a4931c', 'a6c68549-51c9-4819-bea1-386ea1b68b4a', '173ff94e-0580-487e-be5c-13023505f80c', 120, 120, 14.25, 1710.00, 'Codos PVC 4" para reparaciones de red') ON CONFLICT DO NOTHING;
INSERT INTO public.purchase_details (purchase_detail_id, purchase_id, product_id, quantity_ordered, quantity_received, unit_cost, subtotal, observations) VALUES ('9ff9bf3f-2156-4027-b088-90d452bf8e35', '56d46e26-eb97-4183-b5b8-3722b9d34c23', '9897484d-2221-4a7d-b225-1ea811f87487', 275, 275, 3.45, 948.75, 'Cloro granulado para desinfeccion trimestral') ON CONFLICT DO NOTHING;
INSERT INTO public.purchase_details (purchase_detail_id, purchase_id, product_id, quantity_ordered, quantity_received, unit_cost, subtotal, observations) VALUES ('81a0a495-62bf-4e94-b879-fd5fb973af4a', '0921a67b-68a6-463e-b781-64be671c1559', '8f172dd0-7190-4033-a766-a79317f4d883', 280, 280, 1.95, 546.00, NULL) ON CONFLICT DO NOTHING;
INSERT INTO public.purchase_details (purchase_detail_id, purchase_id, product_id, quantity_ordered, quantity_received, unit_cost, subtotal, observations) VALUES ('c0558eb7-c6c9-4425-ab04-8cdc3380bc92', 'd2a0b64c-fbfa-4b72-8946-acde8cfc5b10', 'a6d676e3-8998-4a74-b0ef-480e99c5ef4d', 1, 1, 950.00, 950.00, 'Electrobomba centrifuga pendiente de entrega') ON CONFLICT DO NOTHING;
INSERT INTO public.purchase_details (purchase_detail_id, purchase_id, product_id, quantity_ordered, quantity_received, unit_cost, subtotal, observations) VALUES ('46628412-3c1d-4424-93cf-7a70877845c2', 'a11d5b8b-7308-4720-ac96-ea2184a5af19', '8c406f1e-3b58-40da-a478-0c381ae4cd80', 30, 30, 92.50, 2775.00, 'Tuberia PVC 4" para red principal zona alta') ON CONFLICT DO NOTHING;
INSERT INTO public.purchase_details (purchase_detail_id, purchase_id, product_id, quantity_ordered, quantity_received, unit_cost, subtotal, observations) VALUES ('32b41dd0-3cf3-4720-a091-1892d41ed324', 'a11d5b8b-7308-4720-ac96-ea2184a5af19', 'e0169573-af55-4701-8597-1605160bf96a', 50, 50, 45.00, 2250.00, NULL) ON CONFLICT DO NOTHING;
INSERT INTO public.purchase_details (purchase_detail_id, purchase_id, product_id, quantity_ordered, quantity_received, unit_cost, subtotal, observations) VALUES ('e6d9f4b4-eb01-401f-88cb-190e1dc16cdf', '3e8b99f9-dd8f-4b0e-a636-5a1f0827073f', 'e0169573-af55-4701-8597-1605160bf96a', 4, 4, 45.00, 180.00, NULL) ON CONFLICT DO NOTHING;
INSERT INTO public.purchase_details (purchase_detail_id, purchase_id, product_id, quantity_ordered, quantity_received, unit_cost, subtotal, observations) VALUES ('8407f336-e25c-4422-a4f2-7ddc25b7cae1', '3e8b99f9-dd8f-4b0e-a636-5a1f0827073f', 'f4d43382-f649-4a64-9c37-794db3ca6020', 2, 2, 42.00, 84.00, NULL) ON CONFLICT DO NOTHING;
INSERT INTO public.purchase_details (purchase_detail_id, purchase_id, product_id, quantity_ordered, quantity_received, unit_cost, subtotal, observations) VALUES ('de230212-ef37-4278-9dcd-a34bf0a67c21', '1cd1bdd3-ddea-43c4-b90b-237980960e6f', 'f8d12752-1861-4178-ad5a-faad14303b22', 10, 10, 85.00, 850.00, NULL) ON CONFLICT DO NOTHING;
INSERT INTO public.purchase_details (purchase_detail_id, purchase_id, product_id, quantity_ordered, quantity_received, unit_cost, subtotal, observations) VALUES ('09cd0141-b1f9-40c1-adfa-9a757f15d8b5', '1cd1bdd3-ddea-43c4-b90b-237980960e6f', 'a6d676e3-8998-4a74-b0ef-480e99c5ef4d', 2, 2, 950.00, 1900.00, NULL) ON CONFLICT DO NOTHING;
INSERT INTO public.purchase_details (purchase_detail_id, purchase_id, product_id, quantity_ordered, quantity_received, unit_cost, subtotal, observations) VALUES ('a32c8c2e-30e0-4c77-8f64-499d42479e1f', '7881e15c-1fa9-47bc-85c0-f5a68cb06cb0', 'a6d676e3-8998-4a74-b0ef-480e99c5ef4d', 10, 10, 950.00, 9500.00, NULL) ON CONFLICT DO NOTHING;
INSERT INTO public.purchase_details (purchase_detail_id, purchase_id, product_id, quantity_ordered, quantity_received, unit_cost, subtotal, observations) VALUES ('4e8610e3-4b98-4d1e-8345-e91426b41074', '7881e15c-1fa9-47bc-85c0-f5a68cb06cb0', 'e30447a3-dd1f-4977-ab09-fa6fcc8a207f', 8, 8, 75.00, 600.00, NULL) ON CONFLICT DO NOTHING;
INSERT INTO public.purchase_details (purchase_detail_id, purchase_id, product_id, quantity_ordered, quantity_received, unit_cost, subtotal, observations) VALUES ('08f22b09-c409-45cd-9afa-de102ae9d583', '45bd8a5f-4503-4ed7-a2e3-2c7bf2aa6a14', 'fffa6172-a942-4cc4-969a-d01a438bc4bb', 3, 3, 420.00, 1260.00, NULL) ON CONFLICT DO NOTHING;


--
-- TOC entry 3512 (class 0 OID 16458)
-- Dependencies: 218
-- Data for Name: purchases; Type: TABLE DATA; Schema: public; Owner: postgres
--

INSERT INTO public.purchases (purchase_id, organization_id, purchase_code, supplier_id, purchase_date, delivery_date, total_amount, status, requested_by_user_id, approved_by_user_id, invoice_number, observations, created_at) VALUES ('a6c68549-51c9-4819-bea1-386ea1b68b4a', '6896b2ecf3e398570ffd99d3', 'PUR002', '52d50d5b-4651-47af-b63c-0d6ddb0ea52a', '2024-12-12', '2024-12-12', 1710.00, 'COMPLETADO', '68c0a4ab07fa2d47448b530a', '68c0a4ab07fa2d47448b530a', 'FAC-TSA-002-2024', 'Codos y conexiones para reparaciones de emergencia', '2025-09-12 01:47:33.140654+00') ON CONFLICT DO NOTHING;
INSERT INTO public.purchases (purchase_id, organization_id, purchase_code, supplier_id, purchase_date, delivery_date, total_amount, status, requested_by_user_id, approved_by_user_id, invoice_number, observations, created_at) VALUES ('56d46e26-eb97-4183-b5b8-3722b9d34c23', '6896b2ecf3e398570ffd99d3', 'PUR004', 'a9e0938a-ea5f-4d57-9ced-3d1c52283ce4', '2024-12-20', '2024-12-22', 948.75, 'COMPLETADO', '68c0a4ab07fa2d47448b530a', '68c0a4ab07fa2d47448b530a', 'FAC-QAT-004-2024', 'Quimicos para tratamiento trimestral', '2025-09-12 01:47:33.140654+00') ON CONFLICT DO NOTHING;
INSERT INTO public.purchases (purchase_id, organization_id, purchase_code, supplier_id, purchase_date, delivery_date, total_amount, status, requested_by_user_id, approved_by_user_id, invoice_number, observations, created_at) VALUES ('d2a0b64c-fbfa-4b72-8946-acde8cfc5b10', '6896b2ecf3e398570ffd99d3', 'PUR003', '3d45c327-f43a-4034-99a1-a8435ecd2570', '2024-12-18', '2024-12-25', 950.00, 'COMPLETADO', '68c0a4ab07fa2d47448b530a', '68c0a4ab07fa2d47448b530a', 'COT-BIJ-003-2024', 'Electrobomba de respaldo para estacion de bombeo', '2025-09-12 01:47:33.140654+00') ON CONFLICT DO NOTHING;
INSERT INTO public.purchases (purchase_id, organization_id, purchase_code, supplier_id, purchase_date, delivery_date, total_amount, status, requested_by_user_id, approved_by_user_id, invoice_number, observations, created_at) VALUES ('a11d5b8b-7308-4720-ac96-ea2184a5af19', '6896b2ecf3e398570ffd99d3', 'PUR001', '6664e17b-8080-4723-a8ec-a96a1562e467', '2024-12-10', '2025-12-15', 5025.00, 'COMPLETADO', '68c0a4ab07fa2d47448b530a', '68c0a4ab07fa2d47448b530a', 'FAC-HC-001-2024', 'Tuberia PVC para ampliacion red matriz zona alta', '2025-09-12 01:47:33.140654+00') ON CONFLICT DO NOTHING;
INSERT INTO public.purchases (purchase_id, organization_id, purchase_code, supplier_id, purchase_date, delivery_date, total_amount, status, requested_by_user_id, approved_by_user_id, invoice_number, observations, created_at) VALUES ('3e8b99f9-dd8f-4b0e-a636-5a1f0827073f', '6896b2ecf3e398570ffd99d3', 'PUR006', '3c366a8d-4c3c-4695-9500-e35c48219a8d', '2025-09-12', NULL, 264.00, 'COMPLETADO', '68c0a4ab07fa2d47448b530a', NULL, NULL, NULL, '2025-09-12 04:48:29.016811+00') ON CONFLICT DO NOTHING;
INSERT INTO public.purchases (purchase_id, organization_id, purchase_code, supplier_id, purchase_date, delivery_date, total_amount, status, requested_by_user_id, approved_by_user_id, invoice_number, observations, created_at) VALUES ('0921a67b-68a6-463e-b781-64be671c1559', '6896b2ecf3e398570ffd99d3', 'PUR005', '6664e17b-8080-4723-a8ec-a96a1562e467', '2025-09-12', '2025-09-19', 546.00, 'COMPLETADO', '68c0a4ab07fa2d47448b530a', NULL, NULL, NULL, '2025-09-12 02:20:25.499734+00') ON CONFLICT DO NOTHING;
INSERT INTO public.purchases (purchase_id, organization_id, purchase_code, supplier_id, purchase_date, delivery_date, total_amount, status, requested_by_user_id, approved_by_user_id, invoice_number, observations, created_at) VALUES ('1cd1bdd3-ddea-43c4-b90b-237980960e6f', '6896b2ecf3e398570ffd99d3', 'PUR007', '3c366a8d-4c3c-4695-9500-e35c48219a8d', '2025-09-16', '2025-09-18', 2750.00, 'COMPLETADO', '68c0a4ab07fa2d47448b530a', NULL, 'FACT-0005', 'Compra de productos', '2025-09-16 19:46:21.946831+00') ON CONFLICT DO NOTHING;
INSERT INTO public.purchases (purchase_id, organization_id, purchase_code, supplier_id, purchase_date, delivery_date, total_amount, status, requested_by_user_id, approved_by_user_id, invoice_number, observations, created_at) VALUES ('7881e15c-1fa9-47bc-85c0-f5a68cb06cb0', '6896b2ecf3e398570ffd99d3', 'PUR008', '3d45c327-f43a-4034-99a1-a8435ecd2570', '2025-09-25', '2025-09-26', 10100.00, 'COMPLETADO', '68c0a4ab07fa2d47448b530a', NULL, 'FAC-0010-2025', NULL, '2025-09-25 22:34:54.071089+00') ON CONFLICT DO NOTHING;
INSERT INTO public.purchases (purchase_id, organization_id, purchase_code, supplier_id, purchase_date, delivery_date, total_amount, status, requested_by_user_id, approved_by_user_id, invoice_number, observations, created_at) VALUES ('45bd8a5f-4503-4ed7-a2e3-2c7bf2aa6a14', '6896b2ecf3e398570ffd99d3', 'PUR009', '3d45c327-f43a-4034-99a1-a8435ecd2570', '2025-09-25', '2025-09-26', 1260.00, 'COMPLETADO', '68c0a4ab07fa2d47448b530a', NULL, 'FAC-0011-2025', 'Compras de tanques hidroneumaticos', '2025-09-25 22:50:24.557265+00') ON CONFLICT DO NOTHING;


--
-- TOC entry 3511 (class 0 OID 16442)
-- Dependencies: 217
-- Data for Name: suppliers; Type: TABLE DATA; Schema: public; Owner: postgres
--

INSERT INTO public.suppliers (supplier_id, organization_id, supplier_code, supplier_name, contact_person, phone, email, address, status, created_at) VALUES ('6664e17b-8080-4723-a8ec-a96a1562e467', '6896b2ecf3e398570ffd99d3', 'PROV001', 'Distribuidora Hidraulica del Centro SAC', 'Carlos Alberto Mendoza Rivera', '+51987654321', 'ventas@hidrocentro.pe', 'Av. Real 1425, Huancayo, Junin', 'ACTIVO', '2025-09-12 01:47:32.893984+00') ON CONFLICT DO NOTHING;
INSERT INTO public.suppliers (supplier_id, organization_id, supplier_code, supplier_name, contact_person, phone, email, address, status, created_at) VALUES ('52d50d5b-4651-47af-b63c-0d6ddb0ea52a', '6896b2ecf3e398570ffd99d3', 'PROV002', 'Tubos y Sistemas Andinos EIRL', 'Maria Elena Rodriguez Quispe', '+51945123789', 'pedidos@tubosandinos.com', 'Jr. Huancavelica 567, Huancayo, Junin', 'ACTIVO', '2025-09-12 01:47:32.893984+00') ON CONFLICT DO NOTHING;
INSERT INTO public.suppliers (supplier_id, organization_id, supplier_code, supplier_name, contact_person, phone, email, address, status, created_at) VALUES ('3d45c327-f43a-4034-99a1-a8435ecd2570', '6896b2ecf3e398570ffd99d3', 'PROV003', 'Bombas y Equipos Industriales Junin', 'Roberto Silva Vargas', '+51912345678', 'contacto@bombasjunin.pe', 'Av. Ferrocarril 890, Huancayo, Junin', 'ACTIVO', '2025-09-12 01:47:32.893984+00') ON CONFLICT DO NOTHING;
INSERT INTO public.suppliers (supplier_id, organization_id, supplier_code, supplier_name, contact_person, phone, email, address, status, created_at) VALUES ('a9e0938a-ea5f-4d57-9ced-3d1c52283ce4', '6896b2ecf3e398570ffd99d3', 'PROV004', 'Quimica Andina para Tratamiento SAC', 'Ana Patricia Gonzalez Flores', '+51923456789', 'ventas@quimicaandina.pe', 'Calle Real 234, El Tambo, Huancayo', 'ACTIVO', '2025-09-12 01:47:32.893984+00') ON CONFLICT DO NOTHING;
INSERT INTO public.suppliers (supplier_id, organization_id, supplier_code, supplier_name, contact_person, phone, email, address, status, created_at) VALUES ('cb1c42af-1ad3-4b6d-b44d-94e76218908a', '6896b2ecf3e398570ffd99d3', 'PROV005', 'Medidores y Valvulas del Centro', 'Jose Luis Morales Huaman', '+51934567890', 'info@medidorescentro.com', 'Av. Giraldez 456, Huancayo, Junin', 'ACTIVO', '2025-09-12 01:47:32.893984+00') ON CONFLICT DO NOTHING;
INSERT INTO public.suppliers (supplier_id, organization_id, supplier_code, supplier_name, contact_person, phone, email, address, status, created_at) VALUES ('3c366a8d-4c3c-4695-9500-e35c48219a8d', '6896b2ecf3e398570ffd99d3', 'PROV006', 'Ferreteria Saneamiento Rural Valle', 'Laura Beatriz Quispe Mamani', '+51956789012', 'ventas@ferreteriarural.pe', 'Jr. Ayacucho 789, Chilca, Huancayo', 'ACTIVO', '2025-09-12 01:47:32.893984+00') ON CONFLICT DO NOTHING;
INSERT INTO public.suppliers (supplier_id, organization_id, supplier_code, supplier_name, contact_person, phone, email, address, status, created_at) VALUES ('a9391e38-f12a-4c1e-a6b9-2ec14b8e33ab', '6896b2ecf3e398570ffd99d3', 'PROV007', 'Constructora y Materiales Huanca', 'Pedro Antonio Vargas Sullca', '+51967890123', 'materiales@huancaconst.com', 'Av. Mantaro 321, Huancayo, Junin', 'ACTIVO', '2025-09-12 01:47:32.893984+00') ON CONFLICT DO NOTHING;
INSERT INTO public.suppliers (supplier_id, organization_id, supplier_code, supplier_name, contact_person, phone, email, address, status, created_at) VALUES ('6c704107-b448-4211-bfc0-23c2897ad998', '6896b2ecf3e398570ffd99d3', 'PROV008', 'Seguridad Industrial Andes', 'Carmen Rosa Huayllasco Torres', '+51978901234', 'seguridadandes@gmail.com', 'Jr. Puno 147, Huancayo, Junin', 'ACTIVO', '2025-09-12 01:47:32.893984+00') ON CONFLICT DO NOTHING;


-- Completed on 2025-10-02 23:45:05

--
-- PostgreSQL database dump complete
--

\unrestrict s0Z3kfJzL7L4HVOn5Bd8yYOs9Mdz3oY8ehuVXNbG4fdJdtdi1wEcSfNx4QIuU10

